{
  "IcoMoonType": "selection",
  "icons": [
    {
      "icon": {
        "paths": [
          "M512 310.857v256c0 10.286-8 18.286-18.286 18.286h-182.857c-10.286 0-18.286-8-18.286-18.286v-36.571c0-10.286 8-18.286 18.286-18.286h128v-201.143c0-10.286 8-18.286 18.286-18.286h36.571c10.286 0 18.286 8 18.286 18.286zM749.714 512c0-171.429-139.429-310.857-310.857-310.857s-310.857 139.429-310.857 310.857 139.429 310.857 310.857 310.857 310.857-139.429 310.857-310.857zM877.714 512c0 242.286-196.571 438.857-438.857 438.857s-438.857-196.571-438.857-438.857 196.571-438.857 438.857-438.857 438.857 196.571 438.857 438.857z"
        ],
        "width": 877.7142857142857,
        "attrs": [],
        "isMulticolor": false,
        "isMulticolor2": false,
        "tags": [
          "clock-o"
        ],
        "defaultCode": 61463,
        "grid": 14
      },
      "attrs": [],
      "properties": {
        "name": "clock-o",
        "id": 26,
        "order": 10,
        "prevSize": 28,
        "code": 61463
      },
      "setIdx": 0,
      "setId": 2,
      "iconIdx": 26
    },
    {
      "icon": {
        "paths": [
          "M256 256c0-40.571-32.571-73.143-73.143-73.143s-73.143 32.571-73.143 73.143 32.571 73.143 73.143 73.143 73.143-32.571 73.143-73.143zM865.714 585.143c0 19.429-8 38.286-21.143 51.429l-280.571 281.143c-13.714 13.143-32.571 21.143-52 21.143s-38.286-8-51.429-21.143l-408.571-409.143c-29.143-28.571-52-84-52-124.571v-237.714c0-40 33.143-73.143 73.143-73.143h237.714c40.571 0 96 22.857 125.143 52l408.571 408c13.143 13.714 21.143 32.571 21.143 52zM1085.143 585.143c0 19.429-8 38.286-21.143 51.429l-280.571 281.143c-13.714 13.143-32.571 21.143-52 21.143-29.714 0-44.571-13.714-64-33.714l268.571-268.571c13.143-13.143 21.143-32 21.143-51.429s-8-38.286-21.143-52l-408.571-408c-29.143-29.143-84.571-52-125.143-52h128c40.571 0 96 22.857 125.143 52l408.571 408c13.143 13.714 21.143 32.571 21.143 52z"
        ],
        "width": 1085.1474285714285,
        "attrs": [],
        "isMulticolor": false,
        "isMulticolor2": false,
        "tags": [
          "tags"
        ],
        "defaultCode": 61484,
        "grid": 14
      },
      "attrs": [],
      "properties": {
        "name": "tags",
        "id": 45,
        "order": 8,
        "prevSize": 28,
        "code": 61484
      },
      "setIdx": 0,
      "setId": 2,
      "iconIdx": 45
    },
    {
      "icon": {
        "paths": [
          "M1024 768v73.143c0 20-16.571 36.571-36.571 36.571h-950.857c-20 0-36.571-16.571-36.571-36.571v-73.143c0-20 16.571-36.571 36.571-36.571h950.857c20 0 36.571 16.571 36.571 36.571zM804.571 548.571v73.143c0 20-16.571 36.571-36.571 36.571h-731.429c-20 0-36.571-16.571-36.571-36.571v-73.143c0-20 16.571-36.571 36.571-36.571h731.429c20 0 36.571 16.571 36.571 36.571zM950.857 329.143v73.143c0 20-16.571 36.571-36.571 36.571h-877.714c-20 0-36.571-16.571-36.571-36.571v-73.143c0-20 16.571-36.571 36.571-36.571h877.714c20 0 36.571 16.571 36.571 36.571zM731.429 109.714v73.143c0 20-16.571 36.571-36.571 36.571h-658.286c-20 0-36.571-16.571-36.571-36.571v-73.143c0-20 16.571-36.571 36.571-36.571h658.286c20 0 36.571 16.571 36.571 36.571z"
        ],
        "width": 1024,
        "attrs": [],
        "isMulticolor": false,
        "isMulticolor2": false,
        "tags": [
          "align-left"
        ],
        "defaultCode": 61494,
        "grid": 14
      },
      "attrs": [],
      "properties": {
        "name": "align-left",
        "id": 55,
        "order": 11,
        "prevSize": 28,
        "code": 61494
      },
      "setIdx": 0,
      "setId": 2,
      "iconIdx": 55
    },
    {
      "icon": {
        "paths": [
          "M731.429 348.571c-21.714 9.714-44.571 16-69.143 19.429 25.143-14.857 44-38.857 53.143-66.857-23.429 13.714-49.143 24-76.571 29.143-21.714-23.429-53.143-37.714-87.429-37.714-66.286 0-120 53.714-120 120 0 9.143 0.571 18.857 2.857 27.429-100-5.143-188.571-52.571-248-125.714-10.286 17.714-16.571 38.857-16.571 60.571 0 41.714 19.429 78.286 52 100-20-0.571-38.857-6.286-57.143-14.857v1.143c0 58.286 44 106.857 98.857 117.714-10.286 2.857-18.286 4.571-29.143 4.571-7.429 0-14.857-1.143-22.286-2.286 15.429 47.429 59.429 82.286 112 83.429-41.143 32-92.571 51.429-149.143 51.429-9.714 0-19.429-0.571-28.571-1.714 53.143 33.714 116 53.714 184 53.714 220.571 0 341.714-182.857 341.714-341.714 0-5.143 0-10.286-0.571-15.429 23.429-16.571 44-37.714 60-62.286zM877.714 237.714v548.571c0 90.857-73.714 164.571-164.571 164.571h-548.571c-90.857 0-164.571-73.714-164.571-164.571v-548.571c0-90.857 73.714-164.571 164.571-164.571h548.571c90.857 0 164.571 73.714 164.571 164.571z"
        ],
        "width": 877.7142857142857,
        "attrs": [],
        "isMulticolor": false,
        "isMulticolor2": false,
        "tags": [
          "twitter-square"
        ],
        "defaultCode": 61569,
        "grid": 14
      },
      "attrs": [],
      "properties": {
        "name": "twitter-square",
        "id": 122,
        "order": 12,
        "prevSize": 28,
        "code": 61569
      },
      "setIdx": 0,
      "setId": 2,
      "iconIdx": 122
    },
    {
      "icon": {
        "paths": [
          "M713.143 73.143c90.857 0 164.571 73.714 164.571 164.571v548.571c0 90.857-73.714 164.571-164.571 164.571h-107.429v-340h113.714l17.143-132.571h-130.857v-84.571c0-38.286 10.286-64 65.714-64l69.714-0.571v-118.286c-12-1.714-53.714-5.143-101.714-5.143-101.143 0-170.857 61.714-170.857 174.857v97.714h-114.286v132.571h114.286v340h-304c-90.857 0-164.571-73.714-164.571-164.571v-548.571c0-90.857 73.714-164.571 164.571-164.571h548.571z"
        ],
        "width": 877.7142857142857,
        "attrs": [],
        "isMulticolor": false,
        "isMulticolor2": false,
        "tags": [
          "facebook-square"
        ],
        "defaultCode": 61570,
        "grid": 14
      },
      "attrs": [],
      "properties": {
        "name": "facebook-square",
        "id": 123,
        "order": 13,
        "prevSize": 28,
        "code": 61570
      },
      "setIdx": 0,
      "setId": 2,
      "iconIdx": 123
    },
    {
      "icon": {
        "paths": [
          "M877.714 768v73.143c0 20-16.571 36.571-36.571 36.571h-804.571c-20 0-36.571-16.571-36.571-36.571v-73.143c0-20 16.571-36.571 36.571-36.571h804.571c20 0 36.571 16.571 36.571 36.571zM877.714 475.429v73.143c0 20-16.571 36.571-36.571 36.571h-804.571c-20 0-36.571-16.571-36.571-36.571v-73.143c0-20 16.571-36.571 36.571-36.571h804.571c20 0 36.571 16.571 36.571 36.571zM877.714 182.857v73.143c0 20-16.571 36.571-36.571 36.571h-804.571c-20 0-36.571-16.571-36.571-36.571v-73.143c0-20 16.571-36.571 36.571-36.571h804.571c20 0 36.571 16.571 36.571 36.571z"
        ],
        "width": 877.7142857142857,
        "attrs": [],
        "isMulticolor": false,
        "isMulticolor2": false,
        "tags": [
          "bars",
          "navicon",
          "reorder"
        ],
        "defaultCode": 61641,
        "grid": 14
      },
      "attrs": [],
      "properties": {
        "name": "bars, navicon, reorder",
        "id": 178,
        "order": 4,
        "prevSize": 28,
        "code": 61641
      },
      "setIdx": 0,
      "setId": 2,
      "iconIdx": 178
    },
    {
      "icon": {
        "paths": [
          "M524 517.143c0-14.286-1.714-25.714-3.429-36.571h-206.857v75.429h124c-4.571 32-37.143 94.286-124 94.286-75.429 0-136.571-61.714-136.571-138.286s61.143-138.286 136.571-138.286c42.286 0 70.857 17.714 87.429 33.714l59.429-57.714c-38.286-35.429-88-57.143-146.857-57.143-121.714 0-219.429 98.286-219.429 219.429s97.714 219.429 219.429 219.429c126.286 0 210.286-89.143 210.286-214.286zM721.143 543.429h62.286v-62.857h-62.286v-62.857h-62.857v62.857h-62.857v62.857h62.857v62.857h62.857v-62.857zM877.714 237.714v548.571c0 90.857-73.714 164.571-164.571 164.571h-548.571c-90.857 0-164.571-73.714-164.571-164.571v-548.571c0-90.857 73.714-164.571 164.571-164.571h548.571c90.857 0 164.571 73.714 164.571 164.571z"
        ],
        "width": 877.7142857142857,
        "attrs": [],